homogeneity_global;entropy_global;quality_metric
0.6699565732333201;1.4582506323063797;0.4594245316727078
