homogeneity_global;entropy_global;quality_metric
0.8716250636780438;0.43584485990333305;1.9998470649035487
