homogeneity_global;entropy_global;quality_metric
0.803054406617881;0.6577077945395449;1.2209877886460239
