homogeneity_global;entropy_global;quality_metric
0.8610343466245559;0.522371909103968;1.6483135545859326
