homogeneity_global;entropy_global;quality_metric
0.646269245953415;1.4729532601322703;0.43875717219853144
