homogeneity_global;entropy_global;quality_metric
0.7491117252270035;1.1193159599811604;0.6692579063928524
