homogeneity_global;entropy_global;quality_metric
0.8656392446277404;0.4830194028729668;1.7921380535459523
