homogeneity_global;entropy_global;quality_metric
0.8691709844559585;0.4857153751724711;1.7894619759264407
