homogeneity_global_w_noise;entropy_global_w_noise;quality_metric_w_noise
0.3353730754046585;2.7517808794124266;0.12187487602624555
