homogeneity_global;entropy_global;quality_metric
0.32963037770147446;2.766803615818378;0.11913756967763872
