homogeneity_global;entropy_global;quality_metric
0.4907539118065434;2.2012329515081266;0.22294491299769123
