homogeneity_global;entropy_global;quality_metric
0.901500197394394;0.3832900997754641;2.351998775662942
