homogeneity_global;entropy_global;quality_metric
0.8311139980513154;0.6174870364479093;1.3459596769393076
