homogeneity_global;entropy_global;quality_metric
0.8744571654165022;0.5588919855138939;1.5646236186207485
