homogeneity_global;entropy_global;quality_metric
0.8215554678247138;0.8994208178613136;0.9134262161643422
