homogeneity_global;entropy_global;quality_metric
0.8109398741046234;0.7145517147877511;1.1348916004685572
