homogeneity_global;entropy_global;quality_metric
0.8298891129032258;0.6161664881209983;1.3468563806149059
