homogeneity_global;entropy_global;quality_metric
0.8501776549545993;0.6089016152228647;1.3962456946311939
