homogeneity_global;entropy_global;quality_metric
0.9073834196891192;0.33214374970058563;2.731891503650402
