homogeneity_global;entropy_global;quality_metric
0.8194779116465863;1.195976892872681;0.6851948656661538
