homogeneity_global;entropy_global;quality_metric
0.8969120037148828;0.3798873498488206;2.3609884432407986
