homogeneity_global;entropy_global;quality_metric
0.816840811309158;0.6818112622896086;1.1980435913048952
