homogeneity_global;entropy_global;quality_metric
0.8534621578099839;0.4942222917158583;1.726875629124864
