homogeneity_global_w_noise;entropy_global_w_noise;quality_metric_w_noise
0.6492301618634031;1.3404442855699024;0.48433917359586753
