homogeneity_global;entropy_global;quality_metric
0.6255428345834978;1.4528850128527715;0.4305519008715843
