homogeneity_global;entropy_global;quality_metric
0.8430714567706277;0.5444129988809195;1.5485851916071576
