homogeneity_global;entropy_global;quality_metric
0.8320173707066719;1.0920214804977981;0.7619049841605798
