homogeneity_global_w_noise;entropy_global_w_noise;quality_metric_w_noise
0.6656138965653375;1.3757064436183926;0.48383389917164116
