homogeneity_global;entropy_global;quality_metric
0.6656138965653375;1.3757064436183926;0.48383389917164116
