homogeneity_global;entropy_global;quality_metric
0.616265298065535;1.5094775933214928;0.408263688396859
