homogeneity_global;entropy_global;quality_metric
0.7577970785629689;0.9170754484411187;0.8263183291328667
