homogeneity_global;entropy_global;quality_metric
0.8594551914725622;0.537495308917443;1.5989973832630924
