homogeneity_global;entropy_global;quality_metric
0.8003468458703663;0.7670754222147059;1.0433730234591254
