homogeneity_global;entropy_global;quality_metric
0.8060233160621761;0.6446318896172303;1.2503602112836287
