homogeneity_global;entropy_global;quality_metric
0.7597710225029609;0.9693174524088959;0.7838198278541181
