homogeneity_global;entropy_global;quality_metric
0.4938396283579075;2.271735392077884;0.21738421327406227
