homogeneity_global_w_noise;entropy_global_w_noise;quality_metric_w_noise
0.49901302803000397;2.2545878868577813;0.2213321599067571
