homogeneity_global;entropy_global;quality_metric
0.7270313329792883;0.9032193116155891;0.8049324440886945
