homogeneity_global_w_noise;entropy_global_w_noise;quality_metric_w_noise
0.5864587445716541;1.7612226064737027;0.33298369520827265
