homogeneity_global;entropy_global;quality_metric
0.8996995608966951;0.36976653539425586;2.4331491404117234
