homogeneity_global;entropy_global;quality_metric
0.4998990103009493;2.267210095968158;0.2204907214815299
