homogeneity_global;entropy_global;quality_metric
0.7473351756810107;1.0073411749998173;0.7418881033955977
