homogeneity_global;entropy_global;quality_metric
0.8332417582417583;0.5887345922432841;1.4153072605425843
