homogeneity_global;entropy_global;quality_metric
0.7970479704797048;0.6964151342424728;1.1444995761717873
