homogeneity_global;entropy_global;quality_metric
0.4957723241905548;2.14031882179513;0.23163469269501058
