homogeneity_global;entropy_global;quality_metric
0.8917874396135266;0.3572223590492647;2.4964421195382696
