homogeneity_global;entropy_global;quality_metric
0.8395183576786419;0.5876471397134265;1.428607190159817
