homogeneity_global;entropy_global;quality_metric
0.7915414837069563;0.7439362636202169;1.0639895625809672
