homogeneity_global;entropy_global;quality_metric
0.8490737928940176;0.5138561109881237;1.6523538834780112
