homogeneity_global;entropy_global;quality_metric
0.7704303197789183;0.8617035940147992;0.8940770713422547
