homogeneity_global;entropy_global;quality_metric
0.6521910777733912;1.385052832490167;0.47087778285182386
