homogeneity_global;entropy_global;quality_metric
0.8212482326802666;1.2560824699039315;0.6538166072220326
