homogeneity_global;entropy_global;quality_metric
0.8059613106987762;1.046068361231697;0.7704664151044393
