homogeneity_global;entropy_global;quality_metric
0.6865377023292538;1.3279102136993781;0.5170057269240571
