homogeneity_global;entropy_global;quality_metric
0.645989727380482;1.4739631100530866;0.4382669313143696
