homogeneity_global;entropy_global;quality_metric
0.8657171922685656;0.5078617065169929;1.7046283988950446
