homogeneity_global_w_noise;entropy_global_w_noise;quality_metric_w_noise
0.9032767469403868;0.45238398801120205;1.9966992072646312
