homogeneity_global;entropy_global;quality_metric
0.8988936693300553;0.35505464236570394;2.5316980272185154
