homogeneity_global;entropy_global;quality_metric
0.8356164383561644;0.5956786206882618;1.4027950752968081
