homogeneity_global;entropy_global;quality_metric
0.8300434267666799;0.6394768130444624;1.2980019163056835
