homogeneity_global;entropy_global;quality_metric
0.9053254437869822;0.37601074452009864;2.407705229905633
