homogeneity_global;entropy_global;quality_metric
0.8769230769230769;0.42833115017371426;2.0472968852966846
