homogeneity_global;entropy_global;quality_metric
0.7923410975128307;1.009336429127373;0.785011111891345
