homogeneity_global;entropy_global;quality_metric
0.8766483516483516;0.435601213286221;2.012497468814128
