homogeneity_global;entropy_global;quality_metric
0.8533359652585867;0.7750917880712502;1.100946852288534
