homogeneity_global;entropy_global;quality_metric
0.6865377023292538;1.3297979870830903;0.5162717891936225
