homogeneity_global;entropy_global;quality_metric
0.8006316620607975;0.6713454354075814;1.192576023100094
