homogeneity_global;entropy_global;quality_metric
0.8166559070367979;0.6079496511623808;1.3432930871533402
