homogeneity_global;entropy_global;quality_metric
0.8735608967885276;0.872888187309889;1.0007695243433001
