homogeneity_global;entropy_global;quality_metric
0.9019855026788528;0.3122794503022232;2.888382868046708
