homogeneity_global;entropy_global;quality_metric
0.8411074330424315;0.5365237835286933;1.5676953961204088
