homogeneity_global;entropy_global;quality_metric
0.761744966442953;1.0809877858581565;0.7046742541720562
