homogeneity_global;entropy_global;quality_metric
0.848006316620608;0.5597230838902744;1.515043467000157
