homogeneity_global_w_noise;entropy_global_w_noise;quality_metric_w_noise
0.8985392814844059;0.41734565091156095;2.1529806924814965
