homogeneity_global;entropy_global;quality_metric
0.8985392814844059;0.41734565091156095;2.1529806924814965
