homogeneity_global;entropy_global;quality_metric
0.8150544959128065;0.6270353089146228;1.2998521526187796
