homogeneity_global;entropy_global;quality_metric
0.7759573628108962;0.8222916518281286;0.9436510968276084
