homogeneity_global;entropy_global;quality_metric
0.8286917098445595;0.6450034764258852;1.2847844319415063
