homogeneity_global;entropy_global;quality_metric
0.6202131859455191;1.4401765778600093;0.43065049441132613
