homogeneity_global_w_noise;entropy_global_w_noise;quality_metric_w_noise
0.6202131859455191;1.4401765778600093;0.43065049441132613
