homogeneity_global;entropy_global;quality_metric
0.9028905488795064;0.3446139785013166;2.619997983854486
