homogeneity_global;entropy_global;quality_metric
0.8178049743387288;0.6961509395626726;1.1747506942988328
