homogeneity_global;entropy_global;quality_metric
0.8809711804184761;0.5457564923906053;1.6142172900998932
