homogeneity_global;entropy_global;quality_metric
0.7915515199368338;0.7916499223578175;0.9998744365500293
