homogeneity_global;entropy_global;quality_metric
0.8158310303987367;0.7366097082175425;1.1075470683461721
