homogeneity_global;entropy_global;quality_metric
0.8691000629326621;0.47592694032729205;1.8261169166386588
