homogeneity_global;entropy_global;quality_metric
0.7998420844848007;0.6956355959754219;1.1497987442182533
