homogeneity_global;entropy_global;quality_metric
0.8940006216972335;0.3754556657477723;2.381102010578801
