homogeneity_global;entropy_global;quality_metric
0.8489979267449896;0.5497533578002854;1.5443223226861864
