homogeneity_global;entropy_global;quality_metric
0.8941441441441441;0.3728795880238027;2.3979369612211263
