homogeneity_global;entropy_global;quality_metric
0.9040663245163837;0.3534763944381271;2.5576354775202805
