homogeneity_global;entropy_global;quality_metric
0.8601720958819914;0.4965701037379773;1.7322234205876654
