homogeneity_global;entropy_global;quality_metric
0.7816818002368733;0.8102347845101806;0.9647584261036195
