homogeneity_global;entropy_global;quality_metric
0.6681800236873273;1.3544854130951722;0.4933087679783009
