homogeneity_global;entropy_global;quality_metric
0.8582708251085669;0.5298889952011243;1.6197150972491994
