homogeneity_global;entropy_global;quality_metric
0.9038689301223846;0.3676968935007244;2.458183596095592
