homogeneity_global;entropy_global;quality_metric
0.8194090677534386;0.5890259362603926;1.391123253132859
