homogeneity_global;entropy_global;quality_metric
0.8386873122255605;0.5857899883935976;1.4317176754894696
