homogeneity_global;entropy_global;quality_metric
0.8434662455586261;0.5704352589656954;1.4786336462692322
