homogeneity_global;entropy_global;quality_metric
0.7850375049348598;0.7973884988688448;0.9845094599922533
