homogeneity_global_w_noise;entropy_global_w_noise;quality_metric_w_noise
0.40821160679036717;2.6256296417450127;0.15547183229057185
