homogeneity_global;entropy_global;quality_metric
0.9067108034908216;0.29817522529135754;3.0408554625870843
