homogeneity_global;entropy_global;quality_metric
0.8813659692064746;0.7603220679233367;1.1591993014413482
