homogeneity_global;entropy_global;quality_metric
0.8211606790367153;0.6830031922647535;1.202277655593669
