homogeneity_global;entropy_global;quality_metric
0.8598499802605606;0.5200712735413691;1.6533278623094372
