homogeneity_global;entropy_global;quality_metric
0.8624919302775984;0.48444720817886544;1.7803594186463658
