homogeneity_global;entropy_global;quality_metric
0.7350967232530596;1.1035566783858182;0.6661153627495855
