homogeneity_global;entropy_global;quality_metric
0.7676667982629294;0.9127952293055365;0.8410056632759944
