homogeneity_global_w_noise;entropy_global_w_noise;quality_metric_w_noise
0.9072246348203711;0.38547217785965676;2.3535350497218612
