homogeneity_global;entropy_global;quality_metric
0.9049899193548387;0.3201800650509852;2.8264941876270213
