homogeneity_global;entropy_global;quality_metric
0.6715357283853138;1.2768523993730898;0.5259301723400861
