homogeneity_global;entropy_global;quality_metric
0.8469480716671728;0.4868762575010992;1.7395515165652622
