homogeneity_global;entropy_global;quality_metric
0.8470193446506119;0.6742704581014524;1.2561993162747331
