homogeneity_global;entropy_global;quality_metric
0.8983418870904066;0.46040149078040005;1.9512098763142711
