homogeneity_global_w_noise;entropy_global_w_noise;quality_metric_w_noise
0.8983418870904066;0.46040149078040005;1.9512098763142711
