homogeneity_global;entropy_global;quality_metric
0.7820765890248716;0.7921662257339616;0.9872619866345257
