homogeneity_global;entropy_global;quality_metric
0.8479871175523349;0.5014315997223521;1.6911288137665426
