homogeneity_global;entropy_global;quality_metric
0.8451485148514851;0.5810246503437654;1.4545803861696136
