homogeneity_global_w_noise;entropy_global_w_noise;quality_metric_w_noise
0.9018949861823924;0.48533684966826873;1.8582828163903617
