homogeneity_global;entropy_global;quality_metric
0.8659274193548387;0.4622484186670135;1.873290445344225
