homogeneity_global;entropy_global;quality_metric
0.8661903215329653;0.49402679420967816;1.7533230552719303
