homogeneity_global;entropy_global;quality_metric
0.8058079810351639;1.0455375694036717;0.7707109088235364
