homogeneity_global;entropy_global;quality_metric
0.7534544018949861;0.977612401854069;0.7707079306257877
