homogeneity_global;entropy_global;quality_metric
0.7347019344650612;1.1086925449023681;0.662673592574907
