homogeneity_global_w_noise;entropy_global_w_noise;quality_metric_w_noise
0.6656138965653375;1.3770182443079821;0.48337298067307716
