homogeneity_global;entropy_global;quality_metric
0.6656138965653375;1.3770182443079821;0.48337298067307716
