homogeneity_global;entropy_global;quality_metric
0.8313752591568763;0.6286197804020022;1.3225386195874926
