homogeneity_global;entropy_global;quality_metric
0.805748502994012;0.6545104342862336;1.2310686426322062
