homogeneity_global;entropy_global;quality_metric
0.8072567598798244;0.7344098519357114;1.0991895854372393
