homogeneity_global;entropy_global;quality_metric
0.7362810896170549;1.1147055378979103;0.6605156286295029
