homogeneity_global;entropy_global;quality_metric
0.8975523095144098;0.421911076969809;2.1273444362168292
