homogeneity_global;entropy_global;quality_metric
0.8083300434267667;0.8057726125098952;1.0031726416417492
