homogeneity_global;entropy_global;quality_metric
0.5144097907619424;2.0852269265363867;0.24669235636815456
