homogeneity_global_w_noise;entropy_global_w_noise;quality_metric_w_noise
0.5144097907619424;2.0852269265363867;0.24669235636815456
