homogeneity_global;entropy_global;quality_metric
0.49664702296281243;2.198848608616709;0.2258667536954707
