homogeneity_global;entropy_global;quality_metric
0.8247137781287012;0.7858634990360633;1.0494350859980188
