homogeneity_global;entropy_global;quality_metric
0.8166023166023166;0.6847694154904416;1.1925198550195182
