homogeneity_global;entropy_global;quality_metric
0.7191077773391236;1.144521248286213;0.628303886985074
