homogeneity_global;entropy_global;quality_metric
0.8643900513225424;0.511232749719546;1.690792229184266
