homogeneity_global;entropy_global;quality_metric
0.855049504950495;0.5639834666516762;1.5160869766978604
