homogeneity_global_w_noise;entropy_global_w_noise;quality_metric_w_noise
0.6056060007895776;1.6267139511427724;0.37228772033117263
