homogeneity_global;entropy_global;quality_metric
0.6056060007895776;1.6267139511427724;0.37228772033117263
