homogeneity_global;entropy_global;quality_metric
0.8665151023059435;0.48575573961520946;1.7838457640183243
