homogeneity_global;entropy_global;quality_metric
0.8058973763640586;0.7451550201229438;1.0815149506959536
