homogeneity_global;entropy_global;quality_metric
0.8918811881188119;0.41675168780747396;2.1400730318284875
