homogeneity_global;entropy_global;quality_metric
0.8372329603255341;0.6226499285639866;1.3446265345760195
