homogeneity_global;entropy_global;quality_metric
0.7806035944387928;0.7725886610238675;1.010372819905854
