homogeneity_global;entropy_global;quality_metric
0.78690656839367;0.7479407164374661;1.0520961073568647
