homogeneity_global;entropy_global;quality_metric
0.8122479838709677;0.645602287304896;1.2581224412002896
