homogeneity_global;entropy_global;quality_metric
0.8012238452427951;0.9819522334119953;0.8159490879812887
