homogeneity_global;entropy_global;quality_metric
0.7935918272579522;0.7245290986742919;1.0953193369192333
