homogeneity_global;entropy_global;quality_metric
0.7627319384129491;0.9165540871679891;0.8321725001490861
