homogeneity_global;entropy_global;quality_metric
0.7929763711250813;0.7923637794494748;1.000771856210004
