homogeneity_global;entropy_global;quality_metric
0.8722891566265061;0.8413210380321053;1.036807687418761
