homogeneity_global;entropy_global;quality_metric
0.8813659692064746;0.5366255792912377;1.6424195207970496
