homogeneity_global;entropy_global;quality_metric
0.7931306750888275;0.7277445907125825;1.0898460742472136
