homogeneity_global;entropy_global;quality_metric
0.831720801658604;0.6436228923789816;1.2922466233880363
