homogeneity_global_w_noise;entropy_global_w_noise;quality_metric_w_noise
0.6121200157915515;1.5224705516612635;0.40205678399943123
