homogeneity_global;entropy_global;quality_metric
0.8764576110936023;0.4130579925099793;2.1218703066304205
