homogeneity_global_w_noise;entropy_global_w_noise;quality_metric_w_noise
0.6204105803395183;1.4995177820370986;0.41373978623774865
