homogeneity_global;entropy_global;quality_metric
0.8221433182698515;0.661620177688704;1.2426194112194426
