homogeneity_global;entropy_global;quality_metric
0.8303616912888436;0.5969504789546458;1.3910036586942294
