homogeneity_global;entropy_global;quality_metric
0.42730459888636835;2.485457633348924;0.17192183090595847
