homogeneity_global;entropy_global;quality_metric
0.7068693249111725;1.1859035632591142;0.5960591997121147
