homogeneity_global;entropy_global;quality_metric
0.8803789972364785;0.5433618979832946;1.6202412798224315
