homogeneity_global;entropy_global;quality_metric
0.8959731543624161;0.4608053333180874;1.9443594620561344
