homogeneity_global;entropy_global;quality_metric
0.8657333757556475;0.5022758267746172;1.7236179923230286
