homogeneity_global;entropy_global;quality_metric
0.8954359673024523;0.3649188754723135;2.4537878791707226
