homogeneity_global_w_noise;entropy_global_w_noise;quality_metric_w_noise
0.8985392814844059;0.49185964103989854;1.8268167983205605
