homogeneity_global;entropy_global;quality_metric
0.8498601181224743;0.5735954695332237;1.481634150945988
