homogeneity_global;entropy_global;quality_metric
0.5078957757599685;2.1180401430871596;0.2397950471442131
