homogeneity_global;entropy_global;quality_metric
0.8125384142593731;0.6425114166035051;1.264626788933779
