homogeneity_global;entropy_global;quality_metric
0.7220686932491117;1.1760909246627838;0.6139559996180977
