homogeneity_global;entropy_global;quality_metric
0.9058609170968721;0.2983879192771946;3.035839666202061
