homogeneity_global;entropy_global;quality_metric
0.4340702724042637;2.4300640839985177;0.17862495752172555
