homogeneity_global_w_noise;entropy_global_w_noise;quality_metric_w_noise
0.4340702724042637;2.4300640839985177;0.17862495752172555
