homogeneity_global_w_noise;entropy_global_w_noise;quality_metric_w_noise
0.6717331227793131;1.4347767630219228;0.46817921220392467
