homogeneity_global;entropy_global;quality_metric
0.6717331227793131;1.4347767630219228;0.46817921220392467
