homogeneity_global;entropy_global;quality_metric
0.6494275562574023;1.386077932414315;0.468535767386789
