homogeneity_global;entropy_global;quality_metric
0.8472167390446111;0.6727002331439744;1.2594249828932396
