homogeneity_global;entropy_global;quality_metric
0.8631880369074133;0.5006569644099159;1.7241072713679517
