homogeneity_global;entropy_global;quality_metric
0.8025043936731108;0.7639021817885997;1.0505315500769747
