homogeneity_global;entropy_global;quality_metric
0.86984207845135;0.459116056235518;1.8945976121722174
