homogeneity_global;entropy_global;quality_metric
0.9038461538461539;0.3208821540360584;2.816745418005292
