homogeneity_global_w_noise;entropy_global_w_noise;quality_metric_w_noise
0.9080142123963679;0.39025159506618823;2.3267345915851387
