homogeneity_global;entropy_global;quality_metric
0.8145501786294251;0.6271898571834433;1.2987277625304767
