homogeneity_global;entropy_global;quality_metric
0.7568154879494271;1.113285553982794;0.6798029539132688
