homogeneity_global_w_noise;entropy_global_w_noise;quality_metric_w_noise
0.6472562179234109;1.4500017780674368;0.44638274333934297
