homogeneity_global;entropy_global;quality_metric
0.6472562179234109;1.4500017780674368;0.44638274333934297
