homogeneity_global;entropy_global;quality_metric
0.8904461113304382;0.5141905484841102;1.7317400761555986
