homogeneity_global;entropy_global;quality_metric
0.8428571428571429;0.5651367738382195;1.4914188749634445
