homogeneity_global;entropy_global;quality_metric
0.49819277108433735;2.1902349747806835;0.22746077446482596
