homogeneity_global;entropy_global;quality_metric
0.8208165322580645;0.6447352339638385;1.2731043937327429
