homogeneity_global_w_noise;entropy_global_w_noise;quality_metric_w_noise
0.6186340307935254;1.5454123953459962;0.40030326685179407
