homogeneity_global;entropy_global;quality_metric
0.800949474398101;0.7496521191676857;1.0684267882288916
