homogeneity_global;entropy_global;quality_metric
0.7885148514851485;0.7417398528092927;1.063059757998636
