homogeneity_global_w_noise;entropy_global_w_noise;quality_metric_w_noise
0.49901302803000397;2.1761101726701795;0.2293141243412183
