homogeneity_global;entropy_global;quality_metric
0.49239505171364834;2.1962600026674157;0.22419696525851063
