homogeneity_global;entropy_global;quality_metric
0.8355704697986577;0.625004881747601;1.3369001703828602
