homogeneity_global;entropy_global;quality_metric
0.7629293328069483;0.9587722353786597;0.7957349085841299
