homogeneity_global;entropy_global;quality_metric
0.7573021773765268;0.8187991459609144;0.9248925774039576
