homogeneity_global;entropy_global;quality_metric
0.8606395578365574;0.5335060521191342;1.613173723605013
