homogeneity_global;entropy_global;quality_metric
0.8238341968911918;0.6437492930077037;1.2797418592884944
