homogeneity_global;entropy_global;quality_metric
0.690485590209238;1.2279824252276599;0.5622922720485635
