homogeneity_global;entropy_global;quality_metric
0.7932673267326733;0.8106928227711658;0.9785042200285625
