homogeneity_global;entropy_global;quality_metric
0.7783260955388867;0.8248198144187616;0.9436305218453549
