homogeneity_global;entropy_global;quality_metric
0.9036715357283853;0.3581790818026663;2.522953066458478
