homogeneity_global;entropy_global;quality_metric
0.8266748617086662;0.6594352099866527;1.2536085358815805
