homogeneity_global;entropy_global;quality_metric
0.9039670496423152;0.3542419514926024;2.5518279074670387
