homogeneity_global;entropy_global;quality_metric
0.43596617859352443;2.545459909828621;0.17127199907496393
