homogeneity_global;entropy_global;quality_metric
0.9066637725200781;0.33495090248324066;2.7068476572257807
