homogeneity_global;entropy_global;quality_metric
0.8740623766285037;0.6297849286437374;1.3878721909694345
