homogeneity_global;entropy_global;quality_metric
0.8610343466245559;0.5183233989384108;1.6611881446986776
