homogeneity_global;entropy_global;quality_metric
0.8583040421792618;0.5066799497012708;1.6939733824318854
