homogeneity_global;entropy_global;quality_metric
0.8599609798395838;0.5093071966541641;1.6884883956099446
