homogeneity_global;entropy_global;quality_metric
0.8748732508618942;0.8314905269351341;1.0521733806316276
