homogeneity_global;entropy_global;quality_metric
0.8832380379175444;0.39074828802871575;2.260370178467571
