homogeneity_global;entropy_global;quality_metric
0.8194822888283378;0.665522688030732;1.2313345168121146
