homogeneity_global;entropy_global;quality_metric
0.8504759693522174;0.5552216267851946;1.5317746941917243
