homogeneity_global;entropy_global;quality_metric
0.7888313609467456;0.8414580742452124;0.9374565978200736
