homogeneity_global;entropy_global;quality_metric
0.7662850375049348;0.8949686521132874;0.8562134321487994
