homogeneity_global;entropy_global;quality_metric
0.6221871298855113;1.4462347411014178;0.4302114186527217
