homogeneity_global;entropy_global;quality_metric
0.822739834188709;1.1506821654483117;0.7150011913732706
