homogeneity_global;entropy_global;quality_metric
0.836555360281195;0.60121961937752;1.3914282599744021
