homogeneity_global;entropy_global;quality_metric
0.3306402746919815;2.6790008482356966;0.123419203652185
