homogeneity_global_w_noise;entropy_global_w_noise;quality_metric_w_noise
0.33695223055665224;2.6603859586661844;0.12665534592967148
