homogeneity_global;entropy_global;quality_metric
0.757007500986972;1.113468274120664;0.6798638440964622
