homogeneity_global;entropy_global;quality_metric
0.8435650887573964;0.6182155345690612;1.364513955204091
