homogeneity_global;entropy_global;quality_metric
0.81686595342983;0.6228110922686174;1.311576900272382
