homogeneity_global;entropy_global;quality_metric
0.7826687722068694;0.7985703421963425;0.9800862250506815
