homogeneity_global;entropy_global;quality_metric
0.8243189893407027;0.820641739667171;1.0044797199753728
