homogeneity_global_w_noise;entropy_global_w_noise;quality_metric_w_noise
0.41038294512435847;2.6136279048064335;0.15701653144777705
