homogeneity_global;entropy_global;quality_metric
0.688511646269246;1.2189153397161572;0.5648555391665159
