homogeneity_global;entropy_global;quality_metric
0.8004342676667983;0.6788324460636235;1.179132042341617
