homogeneity_global;entropy_global;quality_metric
0.7396367943150415;1.018007862195703;0.7265524120485044
