homogeneity_global;entropy_global;quality_metric
0.9070951320394528;0.3385014053754047;2.6797302401247918
