homogeneity_global_w_noise;entropy_global_w_noise;quality_metric_w_noise
0.9018949861823924;0.47993241416874904;1.8792085725985268
