homogeneity_global;entropy_global;quality_metric
0.8301796407185629;0.6259592599727914;1.326249753865602
