homogeneity_global;entropy_global;quality_metric
0.9042637189103829;0.3552869463509302;2.5451573243557504
