homogeneity_global;entropy_global;quality_metric
0.850059880239521;0.5239802754576371;1.6223096512315096
