homogeneity_global;entropy_global;quality_metric
0.8544053733702094;0.7704726941807165;1.1089351652410944
