homogeneity_global;entropy_global;quality_metric
0.7840505329648638;0.7744814842359035;1.0123541189422767
