homogeneity_global;entropy_global;quality_metric
0.9107142857142857;0.2881748961394558;3.1602722431496058
