homogeneity_global;entropy_global;quality_metric
0.7731938412949072;0.8127714574821843;0.9513041862787966
