homogeneity_global;entropy_global;quality_metric
0.7737860244769048;0.8913457974042099;0.8681088289432722
