homogeneity_global;entropy_global;quality_metric
0.9042179261862917;0.34249889029781067;2.6400531848347626
