homogeneity_global;entropy_global;quality_metric
0.8089157185976318;0.7216515041625353;1.120921376883967
