homogeneity_global;entropy_global;quality_metric
0.7937170474516696;0.734382255221701;1.0807940429034653
