homogeneity_global;entropy_global;quality_metric
0.8714285714285714;0.4736591226654653;1.839776096253812
