homogeneity_global;entropy_global;quality_metric
0.897749703908409;0.40260432083667697;2.2298505693932325
