homogeneity_global;entropy_global;quality_metric
0.8750493485984998;0.580270943596041;1.5079987206958076
