homogeneity_global;entropy_global;quality_metric
0.8639896373056994;0.49514426370556147;1.7449215424980247
