homogeneity_global;entropy_global;quality_metric
0.8409001184366364;0.5690687171979243;1.4776750423079859
