homogeneity_global;entropy_global;quality_metric
0.761744966442953;1.0812108444713362;0.7045288768690949
