homogeneity_global;entropy_global;quality_metric
0.6956983536909187;1.0101746071209774;0.6886905096369079
