homogeneity_global;entropy_global;quality_metric
0.7684563758389261;0.8941801652533687;0.8593967371491009
