homogeneity_global;entropy_global;quality_metric
0.40763052208835343;2.6198946079633925;0.15559036812357188
