homogeneity_global;entropy_global;quality_metric
0.8544025883984284;0.5390865851300132;1.5849049615794246
