homogeneity_global;entropy_global;quality_metric
0.7323332017370706;1.0430277498573244;0.702121779325111
