homogeneity_global;entropy_global;quality_metric
0.8658682634730539;0.4557204577133979;1.8999945006267323
