homogeneity_global;entropy_global;quality_metric
0.7335175681010659;1.10927086888046;0.6612604075512827
