homogeneity_global;entropy_global;quality_metric
0.7953020134228188;0.6969122451954074;1.141177928394551
