homogeneity_global;entropy_global;quality_metric
0.8744157691526112;0.8320022742217059;1.0509763557968925
