homogeneity_global;entropy_global;quality_metric
0.9038689301223846;0.3653176325680308;2.474193346691845
