homogeneity_global;entropy_global;quality_metric
0.8055799648506151;0.7512429105143651;1.0723281128482585
