homogeneity_global;entropy_global;quality_metric
0.8678474114441417;0.48777400493008083;1.7791961512430134
