homogeneity_global;entropy_global;quality_metric
0.671473725800079;1.4358155031988467;0.46765984671725597
