homogeneity_global_w_noise;entropy_global_w_noise;quality_metric_w_noise
0.6717331227793131;1.4346818154742522;0.46821019638216227
