homogeneity_global;entropy_global;quality_metric
0.8028846153846154;0.731626304335177;1.0973956420532847
