homogeneity_global;entropy_global;quality_metric
0.7812870114488748;0.8186005116151479;0.954416770996856
