homogeneity_global;entropy_global;quality_metric
0.7879984208448481;0.811863793011953;0.9706030211279854
