homogeneity_global;entropy_global;quality_metric
0.8010264508487959;0.9813271038588455;0.81626771688179
