homogeneity_global;entropy_global;quality_metric
0.4415712593762337;2.4974668491162033;0.17680758514368689
