homogeneity_global;entropy_global;quality_metric
0.9091787439613527;0.28958453747724244;3.1395861543424006
