homogeneity_global;entropy_global;quality_metric
0.8742787731551777;0.4156489173515357;2.1034017731218673
