homogeneity_global;entropy_global;quality_metric
0.861003861003861;0.5151157927777984;1.6714730971220053
