homogeneity_global;entropy_global;quality_metric
0.8901174844505875;0.388300801952473;2.292334158571675
