homogeneity_global;entropy_global;quality_metric
0.8004342676667983;0.7976779994493515;1.003454106500671
