homogeneity_global;entropy_global;quality_metric
0.49020416580738296;2.1467548154547624;0.22834649487302752
