homogeneity_global_w_noise;entropy_global_w_noise;quality_metric_w_noise
0.5009869719699961;2.1112253606668308;0.23729666382706557
