homogeneity_global;entropy_global;quality_metric
0.8583106267029973;0.5021084327564802;1.7094094846835357
