homogeneity_global;entropy_global;quality_metric
0.8608369522305567;0.5179756147509436;1.6619224260625534
