homogeneity_global;entropy_global;quality_metric
0.8066521603978862;0.7582999858533784;1.0637625104629058
