homogeneity_global_w_noise;entropy_global_w_noise;quality_metric_w_noise
0.6217923410975128;1.4970766981288632;0.41533738821616667
