homogeneity_global;entropy_global;quality_metric
0.8236749845328933;1.1520328572729277;0.7149746331958341
