homogeneity_global;entropy_global;quality_metric
0.5084879589419661;2.0912386165501893;0.24315145663737595
