homogeneity_global_w_noise;entropy_global_w_noise;quality_metric_w_noise
0.5084879589419661;2.0912386165501893;0.24315145663737595
