homogeneity_global;entropy_global;quality_metric
0.855507303592578;0.5669455835587569;1.5089733819763205
