homogeneity_global;entropy_global;quality_metric
0.7986577181208053;1.076248654758145;0.7420747728836948
