homogeneity_global;entropy_global;quality_metric
0.644492696407422;1.4966072482814883;0.4306355368196549
