homogeneity_global;entropy_global;quality_metric
0.8826340945300053;0.41912807856718626;2.1058765417740384
