homogeneity_global;entropy_global;quality_metric
0.7929332806948283;0.780278119901529;1.0162174797076413
