homogeneity_global;entropy_global;quality_metric
0.8992493085736862;0.5073895016844966;1.772302212178291
