homogeneity_global;entropy_global;quality_metric
0.835486920895052;0.5555688495262774;1.50383776514772
