homogeneity_global;entropy_global;quality_metric
0.6752862218712988;1.2335428818958734;0.5474359135350984
