homogeneity_global;entropy_global;quality_metric
0.833004342676668;0.7769752901066066;1.0721103761896955
