homogeneity_global;entropy_global;quality_metric
0.8857142857142857;0.3685657049707153;2.4031315736581815
