homogeneity_global_w_noise;entropy_global_w_noise;quality_metric_w_noise
0.36063955783655743;2.603144864456638;0.13853989619280696
