homogeneity_global;entropy_global;quality_metric
0.8262806236080178;0.6368761761662214;1.297393994524877
