homogeneity_global;entropy_global;quality_metric
0.8159588159588159;0.7035734000322036;1.1597335206077257
