homogeneity_global;entropy_global;quality_metric
0.8874881815316735;0.37890653147457876;2.342228928725361
