homogeneity_global;entropy_global;quality_metric
0.8391235688906435;0.7288316931702566;1.1513253682963187
