homogeneity_global;entropy_global;quality_metric
0.7741808132649033;0.8437727720221309;0.917521780049591
