homogeneity_global;entropy_global;quality_metric
0.8149779735682819;0.6738518574219322;1.209430166529641
