homogeneity_global;entropy_global;quality_metric
0.8221906116642957;1.1849227105105953;0.6938764110897956
