homogeneity_global;entropy_global;quality_metric
0.8169632539865957;0.7100282472761524;1.150605073129971
