homogeneity_global;entropy_global;quality_metric
0.8750257785110332;0.8022808067827945;1.0906713465433637
