homogeneity_global;entropy_global;quality_metric
0.7273983418870904;1.1356821031860256;0.6404941130553583
