homogeneity_global;entropy_global;quality_metric
0.8217000691085004;0.6065771699666163;1.35464827089594
