homogeneity_global;entropy_global;quality_metric
0.8285714285714286;0.5746065259355394;1.4419780305216179
