homogeneity_global;entropy_global;quality_metric
0.39260312944523473;2.568212096664474;0.15287015316413466
