homogeneity_global;entropy_global;quality_metric
0.8621691413815364;0.5071359886648882;1.7000715007030387
