homogeneity_global_w_noise;entropy_global_w_noise;quality_metric_w_noise
0.9007106198183972;0.37118267054401033;2.4265900989079263
