homogeneity_global;entropy_global;quality_metric
0.9007106198183972;0.37118267054401033;2.4265900989079263
