homogeneity_global_w_noise;entropy_global_w_noise;quality_metric_w_noise
0.5057244374259771;2.1697551311660956;0.23307893000591948
