homogeneity_global;entropy_global;quality_metric
0.4984790103427297;2.191691250675942;0.22744023947203046
