homogeneity_global;entropy_global;quality_metric
0.7795857988165681;0.8595846075676452;0.9069321216563279
