homogeneity_global;entropy_global;quality_metric
0.773983418870904;0.846435586298742;0.9144021317123615
