homogeneity_global;entropy_global;quality_metric
0.9089820359281438;0.3045860004227323;2.984310015419501
