homogeneity_global;entropy_global;quality_metric
0.8487958941966048;0.6269169040690878;1.3539187327198514
