homogeneity_global;entropy_global;quality_metric
0.8324121594946704;0.7759853950368003;1.0727148888418259
