homogeneity_global;entropy_global;quality_metric
0.855254877281309;0.5134800320401562;1.665601694931595
