homogeneity_global;entropy_global;quality_metric
0.8298148749594024;0.6247912343769099;1.3281453086352084
