homogeneity_global_w_noise;entropy_global_w_noise;quality_metric_w_noise
0.3991314646664035;2.5461833745732676;0.15675670177392265
