homogeneity_global;entropy_global;quality_metric
0.39322652605962277;2.5632020122396684;0.1534121660211496
