homogeneity_global;entropy_global;quality_metric
0.8528180354267311;0.4643618974537351;1.8365335389692674
