homogeneity_global;entropy_global;quality_metric
0.8426766679826293;0.5457110095221752;1.5441783454985276
