homogeneity_global;entropy_global;quality_metric
0.7771417291748914;0.8634353975919419;0.9000567167915092
