homogeneity_global;entropy_global;quality_metric
0.8222754491017964;0.653008505571157;1.2592090039831663
