homogeneity_global;entropy_global;quality_metric
0.7874062376628503;0.8073854646848836;0.9752532053781315
