homogeneity_global;entropy_global;quality_metric
0.8040540540540541;0.6585037294720593;1.2210300367906022
