homogeneity_global;entropy_global;quality_metric
0.8225476839237057;0.6684536923230038;1.2305212206158658
