homogeneity_global;entropy_global;quality_metric
0.7220686932491117;1.2631740083759535;0.5716299708759006
