homogeneity_global;entropy_global;quality_metric
0.8821743091406012;0.3943080963010698;2.2372659353184896
