homogeneity_global;entropy_global;quality_metric
0.7806948282668772;0.856501548440499;0.911491541605275
