homogeneity_global;entropy_global;quality_metric
0.8904461113304382;0.5023479642590734;1.7725648397499507
