homogeneity_global;entropy_global;quality_metric
0.6861391396707381;1.0504046881551754;0.6532134654333436
