homogeneity_global;entropy_global;quality_metric
0.8607867240319607;0.5026971761557248;1.7123330954065523
