homogeneity_global;entropy_global;quality_metric
0.8408048904737646;0.5788631854222556;1.452508052230654
