homogeneity_global;entropy_global;quality_metric
0.861969111969112;0.5103912305289148;1.6888366640610128
