homogeneity_global;entropy_global;quality_metric
0.6379786814054481;1.5609367860947905;0.4087149962597586
