homogeneity_global;entropy_global;quality_metric
0.6644295302013423;1.3904209406916175;0.47786179918222865
