homogeneity_global_w_noise;entropy_global_w_noise;quality_metric_w_noise
0.6644295302013423;1.3904209406916175;0.47786179918222865
