homogeneity_global;entropy_global;quality_metric
0.9009080142123964;0.3576085620666567;2.5192503494760343
