homogeneity_global;entropy_global;quality_metric
0.794512435846822;0.7710012691013775;1.0304929929361248
