homogeneity_global;entropy_global;quality_metric
0.42696407422029214;2.462540941761776;0.17338347297948123
