homogeneity_global_w_noise;entropy_global_w_noise;quality_metric_w_noise
0.42696407422029214;2.462540941761776;0.17338347297948123
