homogeneity_global;entropy_global;quality_metric
0.829244673983215;0.6425320558502453;1.2905867899448373
