homogeneity_global;entropy_global;quality_metric
0.8594551914725622;0.5443469366264058;1.57887103751882
