homogeneity_global;entropy_global;quality_metric
0.8993288590604027;0.5069888783116704;1.7738595927304552
