homogeneity_global;entropy_global;quality_metric
0.8986784140969163;0.3525316536711587;2.5492061649846502
