homogeneity_global_w_noise;entropy_global_w_noise;quality_metric_w_noise
0.9036715357283853;0.45529467242832833;1.9848015047202967
