homogeneity_global;entropy_global;quality_metric
0.874913614374568;0.4649248421327748;1.881834768231076
