homogeneity_global;entropy_global;quality_metric
0.8411782569085939;0.5338330680515702;1.5757298142825409
