homogeneity_global;entropy_global;quality_metric
0.6859455191472562;1.2321651512913225;0.5566988822314088
