homogeneity_global;entropy_global;quality_metric
0.8040013563919973;0.7649408214608548;1.051062098888185
