homogeneity_global;entropy_global;quality_metric
0.8471260908817334;0.4893673558419707;1.7310602141902522
