homogeneity_global;entropy_global;quality_metric
0.8223484080308254;1.1853771902741799;0.6937434945050026
