homogeneity_global;entropy_global;quality_metric
0.8584682195025661;0.5127103209428329;1.674369541760684
