homogeneity_global;entropy_global;quality_metric
0.8432819622313871;0.5643770103535057;1.4941793386017752
