homogeneity_global;entropy_global;quality_metric
0.8365574417686538;0.6160634522286276;1.3579057170761721
