homogeneity_global_w_noise;entropy_global_w_noise;quality_metric_w_noise
0.5272404263718911;2.1155517028167083;0.24922112584097186
