homogeneity_global;entropy_global;quality_metric
0.9285714285714286;0.24831290193325292;3.739506412415966
