homogeneity_global;entropy_global;quality_metric
0.9020923805763916;0.3693555290049421;2.4423350062517004
