homogeneity_global_w_noise;entropy_global_w_noise;quality_metric_w_noise
0.6320568495854718;1.4112845220255419;0.44785894825755374
