homogeneity_global;entropy_global;quality_metric
0.8212712397734424;0.6559342128319481;1.252061520264584
