homogeneity_global;entropy_global;quality_metric
0.7577970785629689;0.9571640745381149;0.7917099137039113
