homogeneity_global_w_noise;entropy_global_w_noise;quality_metric_w_noise
0.6231741018555073;1.4421219285747455;0.43212273344228164
