homogeneity_global;entropy_global;quality_metric
0.6231741018555073;1.4421219285747455;0.43212273344228164
