homogeneity_global;entropy_global;quality_metric
0.7677514792899408;0.8550340428683049;0.8979181446346781
