homogeneity_global;entropy_global;quality_metric
0.8406593406593407;0.5305831859243616;1.5844033104657633
