homogeneity_global;entropy_global;quality_metric
0.7714172917489144;0.9134690191798313;0.8444910895286302
