homogeneity_global;entropy_global;quality_metric
0.9067753438614365;0.3225607583462834;2.8111681574105747
