homogeneity_global;entropy_global;quality_metric
0.6504145282273983;1.3783943274638524;0.47186356139505636
