homogeneity_global_w_noise;entropy_global_w_noise;quality_metric_w_noise
0.6504145282273983;1.3783943274638524;0.47186356139505636
