homogeneity_global;entropy_global;quality_metric
0.8905745642349903;0.37958582953989095;2.3461682411755
