homogeneity_global;entropy_global;quality_metric
0.7493091196210028;1.139508229012722;0.6575717866455623
