homogeneity_global;entropy_global;quality_metric
0.9007106198183972;0.36361970612434075;2.477060862178728
