homogeneity_global;entropy_global;quality_metric
0.9050532964863798;0.3470953240154228;2.6074989386697305
