homogeneity_global;entropy_global;quality_metric
0.8491906829846032;0.5917606333800044;1.4350215273913993
