homogeneity_global;entropy_global;quality_metric
0.401341190814875;2.6451052829461026;0.15172970303781658
