homogeneity_global;entropy_global;quality_metric
0.8401486988847584;0.5894244644578958;1.4253688541560667
