homogeneity_global;entropy_global;quality_metric
0.8358985475829178;0.6076526090132893;1.3756168566829605
