homogeneity_global;entropy_global;quality_metric
0.8249111725227004;0.6747773859179308;1.2224919910564969
