homogeneity_global;entropy_global;quality_metric
0.4021496653822754;2.639258331686374;0.15237216765861314
