homogeneity_global;entropy_global;quality_metric
0.8533359652585867;0.7819069819692965;1.0913508813522956
