homogeneity_global;entropy_global;quality_metric
0.8626049114081442;0.519157426763931;1.661544659469398
