homogeneity_global;entropy_global;quality_metric
0.5015791551519937;2.121752413782663;0.23639842023761756
