homogeneity_global;entropy_global;quality_metric
0.6861429135412555;1.3404565381726095;0.5118721734943174
