homogeneity_global;entropy_global;quality_metric
0.8847020933977455;0.3835120314365623;2.3068371108116725
