homogeneity_global;entropy_global;quality_metric
0.8993288590604027;0.5142150046757998;1.748932065285301
