homogeneity_global;entropy_global;quality_metric
0.4358468219502566;2.5243569393975416;0.1726565060952786
