homogeneity_global;entropy_global;quality_metric
0.8391235688906435;0.7433080529574676;1.1289026624281655
