homogeneity_global;entropy_global;quality_metric
0.875413782726452;0.411896444429313;2.125319772108187
