homogeneity_global;entropy_global;quality_metric
0.39879518072289155;2.5460141478593887;0.15663503850642296
