homogeneity_global;entropy_global;quality_metric
0.8094497979483991;0.7474057605034953;1.0830110733854055
