homogeneity_global;entropy_global;quality_metric
0.8489316882335239;0.5167271781690999;1.642897995695737
