homogeneity_global;entropy_global;quality_metric
0.9030179721939641;0.3504760566035057;2.5765394772061994
