homogeneity_global;entropy_global;quality_metric
0.7923410975128307;0.7361380933075572;1.076346990285153
