homogeneity_global_w_noise;entropy_global_w_noise;quality_metric_w_noise
0.40051322542439793;2.5441435742577925;0.15742549754321267
