homogeneity_global;entropy_global;quality_metric
0.8746545598105013;0.8075103383852202;1.08314833270273
