homogeneity_global;entropy_global;quality_metric
0.8534509927513394;0.46797556839024307;1.8237045407787413
