homogeneity_global;entropy_global;quality_metric
0.8523185483870968;0.5288971888603379;1.611498330564641
