homogeneity_global;entropy_global;quality_metric
0.9285714285714286;0.22038005721243362;4.2134811417859
