homogeneity_global;entropy_global;quality_metric
0.7700355309909198;0.8909262741312111;0.8643079557103255
