homogeneity_global;entropy_global;quality_metric
0.8010264508487959;0.6690577997382049;1.1972437268028286
