homogeneity_global;entropy_global;quality_metric
0.49176706827309236;2.1927876088802263;0.2242656069452217
