homogeneity_global;entropy_global;quality_metric
0.8391235688906435;0.7292953561350495;1.150593392976252
