homogeneity_global;entropy_global;quality_metric
0.8318199763126727;0.7653756933234502;1.0868112180169867
