homogeneity_global;entropy_global;quality_metric
0.8294622971683105;0.6416957569967673;1.2926078994855963
