homogeneity_global;entropy_global;quality_metric
0.8;0.7820814417420296;1.0229100633151416
