homogeneity_global;entropy_global;quality_metric
0.8239242005527043;0.6646155635136854;1.2396985657366009
