homogeneity_global;entropy_global;quality_metric
0.765495459928938;0.9345473638870386;0.8191073779692213
