homogeneity_global;entropy_global;quality_metric
0.780497433872878;0.7943081886408316;0.9826116140094169
