homogeneity_global;entropy_global;quality_metric
0.8490387645761109;0.5147005894559575;1.6495747865740022
