homogeneity_global;entropy_global;quality_metric
0.8006316620607975;0.6987248529700092;1.1458451961633116
