homogeneity_global;entropy_global;quality_metric
0.7179234109751284;1.1515435698802219;0.6234438768182489
