homogeneity_global;entropy_global;quality_metric
0.8029219769972024;0.6866410045270348;1.169345847914245
