homogeneity_global_w_noise;entropy_global_w_noise;quality_metric_w_noise
0.6567311488353731;1.3998077368602848;0.46915777244568063
