homogeneity_global;entropy_global;quality_metric
0.6567311488353731;1.3998077368602848;0.46915777244568063
