homogeneity_global;entropy_global;quality_metric
0.8037768612980247;0.7405547269359596;1.085369854100841
