homogeneity_global;entropy_global;quality_metric
0.8904461113304382;0.5020633269203819;1.7735697670303636
